{
  "requireSpaceAfterKeywords": [
    "if",
    "else",
    "for",
    "while",
    "do",
    "switch",
    "return",
    "try",
    "catch"
  ],
  "requireSpacesInFunctionExpression": {
    "beforeOpeningCurlyBrace": true
  },
  "disallowSpacesInFunctionExpression": {
    "beforeOpeningRoundBrace": true
  },
  "disallowEmptyBlocks": true,
  "requireSpacesInsideObjectBrackets": "all",
  "disallowSpacesInsideArrayBrackets": true,
  "disallowSpacesInsideParentheses": true,
  "disallowQuotedKeysInObjects": "allButReserved",
  "disallowSpaceAfterObjectKeys": true,
  "requireCommaBeforeLineBreak": true,
  "requireOperatorBeforeLineBreak": true,
  "requireSpaceAfterBinaryOperators": [
    "?",
    "+",
    "/",
    "*",
    ":",
    "=",
    "==",
    "===",
    "!=",
    "!==",
    ">",
    ">=",
    "<",
    "<="
  ],
  "requireSpacesInConditionalExpression": true,
  "disallowSpaceAfterPrefixUnaryOperators": ["++", "--", "+", "-", "~", "!"],
  "disallowSpaceBeforePostfixUnaryOperators": ["++", "--"],
  "requireSpaceBeforeBinaryOperators": [
    "+",
    "-",
    "/",
    "*",
    "=",
    "==",
    "===",
    "!=",
    "!=="
  ],
  "requireSpaceAfterBinaryOperators": [
    "+",
    "-",
    "/",
    "*",
    "=",
    "==",
    "===",
    "!=",
    "!=="
  ],
  "disallowKeywords": ["with"],
  "disallowMultipleLineStrings": true,
  "disallowMultipleLineBreaks": true,
  "validateLineBreaks": "LF",
  "validateQuoteMarks": true,
  "disallowTrailingWhitespace": true,
  "disallowKeywordsOnNewLine": ["else"],
  "requireCapitalizedConstructors": true,
  "safeContextKeyword": "self",
  "requireDotNotation": true,
  "excludeFiles": ["node_modules/**", "test/tmp/**"]
}
